id,syscall,diskacctime,diskaccessdur,roofnetworkurl,dataexchange,bgacttime,bgservice,noofpermission,noofthreads,naticejni,reversetcp,frontcamera,noofasyn,Class1
1,8801,384,125,32,1612,9682,9,151,1,19,918,0,15,0
2,7753,554,205,87,4658,8080,7,109,20,16,39,1,5,2
3,1034,306,109,18,2160,5037,0,161,1,5,692,0,0,1
4,3577,24,99,11,1154,5871,6,121,1,20,577,0,15,0
5,7036,851,62,9,4791,342,3,129,1,4,109,1,12,0
6,378,317,313,98,1740,2886,10,171,6,19,120,1,14,0
7,2901,458,344,12,603,7037,3,97,2,2,882,1,10,2
8,9691,99,111,11,2331,6180,7,84,4,14,154,1,6,2
9,2969,826,363,57,1986,2529,6,38,1,3,281,0,9,2
10,9397,536,289,8,1922,6925,2,152,16,16,589,1,18,2
11,8942,515,492,75,126,4410,7,51,10,15,649,0,5,0
12,1256,373,161,90,4882,6366,5,42,9,17,692,1,14,0
13,3400,319,396,27,4859,7483,3,1,8,15,54,0,7,2
14,6536,439,462,52,1076,4500,8,108,20,3,88,0,17,0
15,9593,136,495,82,1424,7056,0,136,10,8,258,1,14,1
16,8678,697,52,54,4526,3403,9,103,4,19,452,1,19,0
17,8934,734,183,38,4768,3152,4,122,18,7,889,1,20,0
18,6000,139,359,10,3009,8419,8,194,4,1,381,0,0,2
19,9696,52,146,63,1516,4227,7,130,15,2,803,0,19,1
20,7296,316,403,23,2601,2873,4,138,11,10,93,1,6,1
21,3931,821,122,97,1593,3878,7,170,11,15,730,1,6,0
22,361,416,256,100,4102,9196,9,126,14,19,102,1,13,0
23,8103,624,429,34,1230,3863,5,4,0,10,206,1,1,2
24,9962,772,460,66,3389,6886,9,190,6,10,432,0,20,0
25,9327,941,239,52,4510,1591,10,69,5,11,655,1,17,1
26,479,181,138,57,2293,3502,4,157,15,10,667,1,11,1
27,3607,745,448,57,4789,2281,3,62,6,0,566,1,3,1
28,1819,553,77,85,4161,8511,8,129,11,14,672,0,8,1
29,9525,138,491,0,1227,6824,9,162,0,14,360,1,11,0
30,4659,535,222,64,2530,9167,2,14,3,5,335,1,15,2
31,9242,772,70,12,4380,1398,9,88,16,11,561,1,8,0
32,3447,847,353,81,1353,7686,4,144,19,9,844,0,17,2
33,966,546,174,32,2523,2439,10,62,12,5,554,0,13,2
34,9316,791,143,23,1143,9383,7,140,8,5,108,0,6,0
35,7819,191,109,39,2873,2199,5,140,4,9,653,1,1,1
36,5614,19,262,85,3147,1420,4,89,14,0,733,1,14,1
37,6782,459,254,98,1727,7776,2,95,17,10,696,0,19,1
38,3782,328,6,40,2621,8857,8,141,7,19,701,1,16,2
39,4182,889,3,18,2427,9693,9,92,6,10,822,1,8,1
40,3470,960,287,52,4479,1505,5,62,20,12,315,0,16,0
41,4224,440,293,51,3447,1654,2,113,11,17,775,1,4,2
42,5839,817,457,41,455,4693,3,137,10,2,602,0,5,2
43,3077,500,404,26,1513,6179,0,175,5,3,962,0,14,2
44,4819,368,263,15,1289,7418,2,19,13,3,202,0,12,2
45,6592,11,104,96,1440,8192,5,108,2,3,891,0,2,0
46,6756,859,67,8,1209,9661,10,46,9,4,672,1,6,0
47,1031,205,355,99,731,5724,4,101,10,16,871,0,14,2
48,9331,576,89,96,3865,2824,6,40,18,5,770,1,20,1
49,6312,626,460,81,2630,1165,8,37,20,17,537,0,1,0
50,3894,541,454,99,53,2959,3,152,17,3,305,1,1,0
51,4094,872,354,68,1062,8160,7,41,0,8,783,1,13,1
52,9967,219,261,59,4594,9243,4,68,4,3,559,0,10,0
53,1687,969,391,44,2310,8276,0,117,18,7,718,1,13,2
54,5201,192,304,37,825,7745,8,115,7,13,225,0,16,1
55,3009,301,207,25,3785,4601,0,114,20,5,213,1,16,2
56,2644,988,410,50,4180,7096,1,171,20,3,705,0,8,1
57,5160,591,197,68,1464,8859,0,3,11,12,669,1,11,2
58,3004,581,98,94,3459,118,7,23,2,18,962,0,0,1
59,6547,420,330,23,4495,2537,4,113,8,1,331,0,15,1
60,2409,129,296,32,3004,4056,4,156,11,6,450,1,2,0
61,9229,780,260,31,2004,4615,10,134,16,13,28,1,8,1
62,125,234,492,70,777,1669,7,47,17,18,738,0,4,1
63,3514,241,353,47,2421,1213,5,113,19,13,371,1,14,1
64,7714,914,364,25,1122,4798,9,69,17,20,342,1,18,2
65,8275,268,281,83,2505,6148,9,175,16,6,675,1,11,2
66,5669,424,128,98,3424,9736,6,134,5,16,739,0,19,0
67,3278,957,11,59,1895,5526,10,111,17,17,891,1,17,2
68,3213,754,142,48,76,1073,1,104,5,13,474,0,15,0
69,1259,294,265,71,4159,3596,1,43,17,16,288,1,1,0
70,9965,454,207,57,4429,6440,4,93,7,14,469,0,8,0
71,8528,123,374,76,4304,3113,2,59,4,11,403,0,1,0
72,7010,807,197,13,1008,1764,0,51,18,19,556,0,3,2
73,109,932,30,61,1921,4545,1,64,0,15,218,1,7,2
74,8261,883,126,96,271,7737,0,162,5,12,985,1,2,0
75,6311,706,348,69,1713,2557,0,158,14,19,185,0,4,0
76,9597,62,318,59,1091,1160,5,44,13,1,925,0,15,0
77,4963,456,204,16,2696,8571,5,102,15,17,744,1,3,2
78,9445,926,164,86,804,7462,6,173,9,8,249,0,17,0
79,4290,312,280,29,16,4340,10,84,4,19,833,0,0,2
80,8229,226,246,63,3914,4464,3,91,12,12,245,0,8,2
81,1039,219,341,92,1222,6705,9,64,6,18,268,0,5,2
82,1659,569,29,29,4805,7397,4,168,0,2,821,0,17,1
83,4146,135,52,39,238,3931,3,137,1,0,74,0,5,0
84,1880,37,269,48,3425,4487,8,161,0,12,14,1,15,0
85,7607,523,34,20,4644,7482,3,68,8,0,283,0,6,0
86,359,756,496,11,468,6261,8,16,1,14,220,0,3,2
87,896,388,457,39,1320,7496,5,107,6,7,37,0,20,2
88,4720,509,287,84,1618,5110,7,8,18,9,374,0,10,0
89,1569,777,410,95,4669,6858,7,46,1,15,37,0,0,0
90,4234,610,404,64,3945,2429,9,172,7,12,43,0,19,2
91,1264,905,340,11,2065,9573,2,141,6,14,718,1,19,0
92,506,195,46,11,3100,6545,6,9,12,6,166,0,0,2
93,4924,928,432,21,987,8924,4,125,18,14,796,1,15,0
94,7195,217,333,81,2265,9546,8,72,20,13,554,1,16,2
95,1112,70,420,18,4828,9206,1,50,3,16,62,1,6,1
96,3951,79,307,4,4501,7515,9,149,1,1,26,1,16,0
97,64,79,456,85,2126,5178,10,16,15,8,376,1,15,2
98,4591,949,278,23,801,8573,2,29,13,17,916,0,0,1
99,4900,664,80,92,2475,5902,1,136,16,11,654,1,20,1
100,3133,576,243,78,2306,7218,10,176,19,19,616,1,0,0
101,7001,236,223,30,2773,2086,0,40,7,11,933,0,0,0
102,9550,829,119,29,4587,7575,5,1,5,11,833,0,13,0
103,2222,316,248,62,2767,8952,8,66,15,6,562,0,7,1
104,2201,850,115,8,2739,5541,3,44,6,0,159,0,19,2
105,851,912,333,73,2209,2346,4,153,6,3,572,1,13,0
106,6090,363,467,17,4424,3213,6,154,8,9,250,1,20,2
107,8149,564,63,6,3906,3038,9,113,9,1,839,1,2,0
108,8979,696,119,99,501,2566,1,47,7,0,461,1,20,1
109,4585,20,345,60,799,7563,9,186,15,13,370,1,10,2
110,8550,375,351,73,2464,2019,0,93,16,14,923,0,16,1
111,8151,469,426,67,4481,3576,9,139,18,4,311,0,20,2
112,7199,219,72,38,4157,3666,0,23,17,20,297,0,4,0
113,658,101,151,35,554,4286,2,192,16,8,856,1,10,0
114,9838,593,132,17,4204,5405,8,131,0,11,492,1,5,1
115,2798,572,155,27,2613,4159,7,26,1,15,246,1,19,0
116,5016,88,309,5,3837,4287,3,66,15,14,748,1,5,1
117,420,45,425,22,2330,1148,5,140,10,18,427,0,14,1
118,4123,966,185,69,4981,5190,10,122,17,0,570,1,18,1
119,2646,76,213,94,2166,3984,8,145,3,18,571,0,14,2
120,8832,997,296,42,3691,9720,9,179,11,5,744,0,8,1
121,9896,736,65,84,936,2904,10,13,1,15,504,0,0,0
122,3097,678,307,67,2696,9740,1,31,17,1,169,1,0,2
123,513,762,171,41,867,4017,5,11,14,16,205,0,10,1
124,6743,777,412,28,1917,21,8,54,1,6,687,0,15,2
125,9703,133,294,72,140,4813,8,95,11,11,446,1,4,2
126,5192,46,473,70,632,239,5,158,20,13,534,1,14,1
127,4054,618,95,3,217,3918,2,2,7,17,481,0,16,2
128,1111,676,246,58,4010,8903,8,155,20,19,344,1,2,0
129,7373,26,60,72,1253,1150,10,163,2,20,286,0,13,2
130,483,308,304,37,2921,7449,8,18,14,9,928,0,8,2
131,6617,848,205,83,1867,914,8,118,18,11,103,1,19,2
132,47,867,20,81,4414,3900,6,89,9,13,741,0,14,2
133,7678,756,21,54,2832,7508,4,79,9,20,38,1,9,0
134,982,850,243,13,2687,9081,0,186,20,9,156,0,0,1
135,294,507,229,89,1142,4701,0,81,18,9,247,1,13,0
136,1068,675,131,1,678,2868,1,16,8,9,637,0,17,2
137,4858,737,195,91,353,8720,1,117,0,15,514,1,7,2
138,7374,179,310,14,4523,3963,0,69,6,11,920,0,6,2
139,8663,610,151,66,4817,2427,0,147,7,17,80,0,18,0
140,5083,467,171,6,4231,758,3,5,13,7,464,0,9,2
141,9333,461,378,28,4191,4488,0,145,11,13,826,0,16,1
142,4008,189,155,69,456,7444,0,104,10,7,244,0,13,2
143,4094,387,73,31,22,4454,2,133,4,13,319,0,15,2
144,2252,301,66,97,1721,2952,1,25,1,7,405,1,18,1
145,4257,458,197,13,286,8848,0,85,1,2,453,0,19,1
146,7778,779,321,32,3044,3153,5,142,20,2,58,0,8,1
147,3661,791,78,2,2783,3482,9,74,12,11,138,1,15,1
148,1388,42,178,0,3414,10,10,13,1,10,480,1,17,2
149,661,393,268,29,369,2630,0,116,8,2,146,1,13,2
150,5906,315,428,71,2686,4871,5,41,7,16,927,0,0,2
151,7151,565,170,37,2767,3821,6,22,10,2,219,1,9,2
152,4050,40,85,59,2966,6904,9,119,16,2,805,0,14,1
153,6564,560,392,46,1290,3681,1,181,14,15,411,0,12,2
154,1017,644,341,23,4722,1989,9,84,11,10,779,0,16,0
155,1026,866,257,49,4589,6417,6,33,2,6,848,1,5,2
156,2456,530,364,88,2620,99,0,194,15,0,509,0,20,1
157,4903,754,150,27,4737,2151,5,118,14,8,270,1,16,1
158,7818,340,333,57,1301,8633,10,79,3,17,969,1,1,2
159,1061,161,215,97,2722,8611,1,107,3,14,692,1,9,1
160,3615,63,6,55,3369,5039,4,46,7,3,805,1,5,2
161,8365,456,190,49,3548,6770,8,25,4,20,421,1,14,1
162,2745,707,197,6,4205,9728,7,90,9,13,731,0,7,0
163,3806,633,101,68,1805,7326,7,171,17,14,966,1,11,0
164,7508,391,299,59,2075,2127,8,196,15,18,673,1,0,1
165,3277,655,449,62,2189,5213,2,87,10,9,312,1,0,0
166,1315,632,26,28,1849,6228,8,19,7,9,135,1,2,1
167,2395,122,207,72,210,4194,1,191,13,13,260,0,12,2
168,9773,961,434,90,2382,8902,8,7,17,14,315,0,20,0
169,8659,308,269,89,4466,1195,9,37,1,10,621,0,3,0
170,8265,828,25,73,3339,8353,4,151,2,19,273,0,4,1
171,1854,716,499,58,495,176,1,124,19,18,167,1,15,2
172,9097,93,125,76,330,5302,9,9,11,7,181,0,6,0
173,5346,312,229,24,3765,9908,3,169,17,17,349,1,5,0
174,8502,256,73,46,2378,7665,7,159,2,19,536,0,6,1
175,86,23,351,43,37,3467,8,19,15,17,407,1,4,0
176,3412,985,292,73,3481,4231,7,17,5,7,626,1,10,0
177,2349,217,489,34,4765,1168,1,134,14,9,291,1,0,2
178,1298,809,430,38,2938,3836,5,85,10,0,117,1,3,2
179,7120,738,284,90,4252,3207,6,64,2,0,539,0,14,2
180,9108,386,62,2,157,601,7,168,5,10,717,0,20,1
181,247,720,443,51,1464,2973,2,103,5,9,50,1,7,0
182,1798,281,217,97,3743,595,10,137,10,16,985,0,1,1
183,4777,569,196,3,4778,3039,7,2,20,15,105,0,4,2
184,641,330,459,87,1271,9132,0,129,9,20,483,1,4,1
185,3504,192,165,44,2979,7872,10,78,8,8,240,1,4,0
186,961,623,412,49,120,1171,9,134,12,18,8,0,17,2
187,9261,831,76,53,2654,5565,9,1,14,13,410,1,6,0
188,6957,281,236,6,4578,7308,7,161,3,5,306,0,6,2
189,7026,200,428,81,4168,4824,1,143,2,7,617,1,9,0
190,4646,716,337,86,4935,1606,0,175,6,10,533,0,11,0
191,6959,534,94,2,2283,5067,6,195,20,17,155,0,16,2
192,6690,365,111,23,1763,2720,9,59,9,9,551,1,3,2
193,5951,573,438,83,53,1210,2,132,10,17,760,1,0,2
194,8582,320,474,92,41,1665,8,107,20,7,161,0,0,1
195,7119,922,310,4,3375,4468,8,197,16,7,876,1,13,0
196,6942,10,160,47,1431,6384,6,108,15,5,387,0,6,1
197,227,272,326,22,3442,7205,0,134,12,12,863,0,17,1
198,6725,862,401,87,1628,6882,4,71,16,10,980,0,19,2
199,683,597,479,7,2763,6207,9,42,16,8,630,1,20,2
200,9810,436,331,28,3337,5457,10,8,8,15,610,0,1,0
201,6478,661,144,5,467,4887,8,182,6,8,138,1,14,0
202,6052,223,210,12,3147,5895,7,4,17,1,310,1,3,1
203,2068,119,184,51,1682,8915,10,59,12,1,831,0,3,2
204,8786,263,0,55,4247,5620,9,166,3,2,694,1,4,1
205,7148,411,142,30,3675,8284,2,1,12,1,444,1,9,0
206,9125,541,313,28,1953,2043,7,102,9,9,24,1,1,2
207,9691,591,121,76,4482,5413,6,35,3,13,54,0,5,0
208,5692,445,347,95,3329,193,2,112,17,16,756,0,9,1
209,979,50,437,15,312,3298,9,35,9,6,639,1,7,2
210,9866,651,78,8,320,6988,9,104,19,5,249,0,14,1
211,8889,838,403,29,4170,4463,2,32,5,7,301,0,14,2
212,2885,219,4,88,3585,1266,8,65,6,4,989,1,13,0
213,8820,583,248,39,2958,6661,7,67,0,11,844,1,20,2
214,57,966,242,68,2573,2413,1,178,6,10,107,0,16,0
215,6331,867,249,36,1584,4973,10,79,12,18,742,0,20,1
216,8979,437,80,95,3467,692,4,66,3,7,535,0,1,1
217,6838,309,217,45,2295,2246,9,59,5,18,750,1,6,2
218,8899,321,293,57,1556,3507,3,176,17,17,443,0,0,0
219,7235,703,121,58,4452,663,4,186,5,10,816,1,9,1
220,8203,707,292,50,1181,8508,6,93,10,7,918,1,19,2
221,6480,229,228,39,4628,3811,0,48,7,3,867,0,2,2
222,2867,164,392,55,625,5365,7,181,18,15,243,0,16,2
223,6321,754,155,47,1618,6537,8,22,14,3,0,1,14,1
224,349,232,144,55,501,1784,1,109,14,19,525,0,5,2
225,490,377,449,34,4865,677,5,187,6,20,530,0,6,1
226,7978,855,61,37,4303,6773,1,190,13,20,476,0,9,0
227,8736,118,342,86,4407,6679,0,81,8,10,729,0,3,0
228,1149,313,364,36,2597,4522,2,151,6,1,760,0,14,1
229,27,80,33,20,4863,9901,5,60,14,4,389,1,8,0
230,1989,323,458,10,2318,2854,1,29,3,13,699,0,3,1
231,5683,650,162,22,3314,9313,0,20,10,11,294,0,6,0
232,6421,489,405,78,3194,4125,5,147,12,18,845,1,9,2
233,6299,348,38,18,273,2264,7,130,3,10,545,1,6,1
234,8381,978,465,97,4320,1521,1,9,12,5,915,0,2,1
235,2064,791,130,72,2818,5566,2,185,11,0,612,1,6,2
236,3643,642,324,89,1054,7637,5,62,8,0,29,1,4,2
237,8097,588,100,11,4146,3197,10,6,18,12,458,1,7,0
238,5063,764,370,3,639,1796,9,158,6,1,416,0,14,0
239,6938,724,345,21,1518,590,10,56,10,4,581,1,8,2
240,276,202,388,37,4257,8930,5,93,3,14,500,0,20,0
241,7028,536,414,43,854,9198,4,80,18,14,304,0,16,1
242,8879,292,244,61,3193,3102,10,63,4,14,823,1,7,1
243,7695,869,55,29,3774,8496,1,93,8,5,761,0,12,1
244,3889,588,481,94,1791,1139,3,191,5,8,493,0,1,2
245,3969,963,60,96,727,1115,3,36,19,7,427,1,2,2
246,7007,749,418,53,3492,3293,3,181,0,5,374,1,8,2
247,1295,163,314,62,3435,8799,3,128,13,13,951,1,14,2
248,1795,715,253,45,2891,714,10,156,19,1,36,1,8,1
249,1072,486,378,73,1939,911,1,67,6,13,900,0,17,2
250,1560,441,66,9,337,2127,7,48,19,3,525,0,17,1
251,9073,301,196,95,232,8088,2,54,2,9,617,0,14,1
252,1672,944,61,25,4933,8292,1,110,11,3,689,0,18,0
253,747,838,495,81,3396,9311,10,72,7,18,159,1,4,2
254,2052,103,168,11,4193,2977,10,62,9,9,447,1,18,0
255,2958,6,374,77,1543,1896,6,128,9,0,183,1,11,2
256,8978,675,171,49,2447,7827,4,82,5,19,701,1,20,2
257,2729,400,57,90,1237,126,6,95,3,20,177,0,7,2
258,8594,762,202,87,2840,117,0,193,20,16,445,1,8,1
259,9760,733,380,66,3319,8130,1,18,15,19,431,0,14,1
260,172,361,289,82,8,1725,10,90,4,13,959,0,8,0
261,7128,307,230,19,2903,2547,7,164,15,8,511,1,18,2
262,2845,675,113,26,1624,6479,5,40,4,20,840,1,0,1
263,4918,587,28,92,2507,5591,6,39,16,20,240,1,6,0
264,9459,536,374,19,1790,5995,4,134,9,17,230,0,0,2
265,863,318,30,44,2829,4206,10,43,17,3,678,0,5,0
266,2269,912,272,60,934,6342,9,173,9,18,729,1,3,0
267,1464,171,82,75,2745,6647,1,154,16,12,773,0,1,1
268,7752,44,399,76,1099,1831,0,48,10,5,828,1,0,1
269,1854,764,246,76,3965,2647,7,89,20,16,332,0,15,2
270,4888,958,2,31,2010,3238,9,4,9,1,807,0,9,2
271,6062,517,166,34,2995,7616,2,132,13,0,17,0,10,1
272,3187,782,173,33,2237,9034,5,122,8,2,274,1,15,2
273,8349,721,180,46,4587,6101,6,162,12,15,920,0,20,1
274,7267,737,166,25,2636,9166,5,114,1,14,336,0,1,1
275,4418,216,121,32,1982,847,7,117,20,18,240,1,13,0
276,7416,195,265,19,1840,7969,8,154,11,18,71,0,10,2
277,8528,569,149,85,18,4177,2,42,4,5,589,0,6,2
278,9827,530,360,38,1602,8574,2,139,2,3,153,0,4,2
279,5065,528,361,91,2052,2040,2,154,12,13,459,1,8,2
280,3922,357,254,13,1685,6052,8,76,11,17,107,0,13,1
281,3640,732,204,62,1989,226,6,194,15,18,99,0,10,1
282,7723,4,2,79,4335,3530,4,1,1,10,385,0,7,0
283,9950,39,83,53,1325,378,1,106,12,7,73,1,17,2
284,1368,185,440,74,3891,2365,7,23,8,4,377,1,11,2
285,530,248,353,93,3367,2579,2,91,14,1,177,0,11,2
286,668,858,206,75,4505,2783,2,176,12,1,218,1,10,2
287,2935,369,283,87,2895,6234,5,148,1,3,643,0,1,1
288,4937,148,354,27,3983,1072,3,30,1,5,617,0,13,1
289,8878,669,466,37,757,53,10,20,17,8,807,0,8,0
290,2810,868,21,10,3861,7001,10,3,20,13,236,1,14,2
291,5276,66,454,69,2122,4999,1,19,15,2,636,1,0,1
292,764,34,3,5,950,1062,1,4,10,14,213,0,17,0
293,6452,747,344,27,3077,1436,2,67,17,9,474,0,17,2
294,4391,416,308,81,2412,5553,9,53,11,13,125,1,1,2
295,2378,724,311,55,3286,9558,6,19,16,12,967,1,3,2
296,2707,982,264,76,2214,1483,9,23,2,15,844,0,13,1
297,9431,537,7,40,1051,2920,2,87,14,10,47,0,18,2
298,3751,861,448,31,2816,5183,5,199,19,17,691,0,10,1
299,2103,737,252,91,931,7740,10,198,19,2,562,1,6,1
300,2109,788,216,42,4052,337,10,150,14,8,805,1,3,2
301,4041,294,129,52,3334,3271,10,17,17,5,484,0,5,0
302,6868,119,29,63,2138,1374,2,133,8,14,270,0,16,1
303,2035,639,81,23,3877,7388,4,75,12,12,513,1,12,0
304,8958,273,36,37,1391,6155,1,154,8,7,514,1,19,1
305,209,377,394,61,3347,8718,9,25,4,0,932,0,0,2
306,7047,365,269,76,2952,8798,7,156,3,0,67,1,0,0
307,9471,347,374,83,573,9785,5,102,10,17,947,1,14,1
308,3703,490,342,31,4301,9452,2,173,7,19,66,0,2,0
309,899,616,264,41,4032,9670,2,174,10,4,46,0,3,2
310,3678,587,348,69,4300,6183,8,54,17,2,570,0,13,0
311,2676,26,382,91,3118,726,6,106,17,0,438,1,19,2
312,1681,48,91,86,2749,5730,1,147,8,7,723,1,14,2
313,6104,4,65,16,4097,7394,10,47,6,4,92,1,2,1
314,4991,528,493,33,575,6566,8,54,6,14,97,1,2,2
315,541,369,231,44,262,6746,6,37,14,20,93,0,2,2
316,6799,560,306,94,2118,9582,2,120,20,14,776,0,11,2
317,5856,152,372,10,938,5510,2,1,16,3,638,0,16,2
318,7512,859,481,99,871,8006,7,161,10,4,255,1,7,0
319,560,777,387,33,2206,3737,5,93,18,0,763,1,16,0
320,5586,809,440,59,1673,5480,10,82,19,4,284,1,19,0
321,368,485,378,100,1993,8636,4,16,16,14,722,1,17,2
322,261,813,458,14,52,8823,5,135,8,9,138,1,1,1
323,7821,468,403,32,899,1532,2,40,17,0,865,1,14,2
324,7761,974,36,18,3053,7421,8,102,3,6,634,0,4,1
325,2052,276,284,52,4200,8467,7,74,0,14,992,0,2,1
326,7384,245,394,91,3899,8657,1,138,9,0,361,1,20,0
327,2793,554,158,39,665,3388,7,194,15,20,236,1,4,2
328,3390,616,35,36,4754,2740,0,93,16,15,161,0,6,2
329,711,220,444,91,4404,4220,7,67,16,20,734,0,16,1
330,4895,220,198,96,1500,4873,9,122,5,7,593,1,18,0
331,6599,341,448,14,4913,4220,7,108,20,15,430,0,6,2
332,3928,899,222,96,4730,8156,10,184,4,8,958,1,17,2
333,4426,856,270,30,2806,7347,2,171,19,6,32,1,11,0
334,9478,867,218,17,482,4360,8,69,19,13,200,1,16,0
335,7753,575,464,21,4249,1086,9,20,3,0,748,1,20,2
336,6053,73,461,60,3787,6800,0,68,18,0,818,0,6,0
337,4545,92,422,97,334,6305,2,58,5,19,881,0,5,2
338,3910,0,195,97,3006,3152,0,20,8,8,402,1,16,2
339,616,630,93,20,444,495,10,80,6,16,957,1,0,2
340,4986,859,499,40,216,7790,0,199,17,7,663,0,19,1
341,1798,543,173,41,2832,6082,5,34,18,15,29,0,8,2
342,8141,31,68,74,3219,8661,1,158,15,3,664,1,15,1
343,5876,442,51,48,3825,7650,7,97,13,2,159,0,18,2
344,5793,21,195,33,1600,8601,5,199,10,5,541,0,13,1
345,7371,158,372,17,1586,253,2,190,20,20,249,0,14,2
346,3940,556,42,73,4742,2337,8,186,3,19,707,1,9,2
347,1619,299,289,32,2881,8114,7,109,12,10,894,0,19,2
348,3593,718,67,89,2267,8708,8,114,12,0,695,1,15,2
349,6711,751,196,37,4701,4259,3,153,18,2,428,0,8,0
350,768,876,189,100,1674,4918,1,23,7,7,635,1,12,1
351,1734,468,384,9,3982,9035,6,142,9,2,295,0,11,0
352,640,149,448,21,2797,1502,5,20,2,12,580,0,16,1
353,8911,296,194,84,1216,6498,4,84,1,17,214,1,0,0
354,160,244,297,49,2628,4104,8,196,7,0,447,1,17,2
355,514,834,219,14,266,8661,8,145,5,1,628,0,16,0
356,1308,875,456,93,4968,5284,4,10,16,13,686,0,20,2
357,9016,285,207,76,3100,5704,1,41,7,18,463,0,20,0
358,146,958,289,5,4343,9087,1,176,14,12,492,0,3,1
359,4853,242,440,65,4360,5806,7,191,20,9,203,1,18,0
360,6536,807,367,36,827,7799,3,174,0,12,726,0,7,0
361,8988,5,129,48,727,5178,1,75,8,11,636,1,17,2
362,6704,713,142,68,1521,4061,3,145,12,4,295,0,0,1
363,8938,412,95,28,727,9090,2,0,0,17,222,1,4,0
364,7398,795,282,95,1731,9010,3,56,9,2,387,0,4,1
365,7236,980,154,49,138,2738,4,191,12,11,958,1,14,1
366,5902,698,91,88,4882,4632,1,119,18,6,272,1,18,0
367,4837,434,496,70,4886,6948,5,6,6,19,510,0,13,1
368,6240,842,328,93,2271,4801,5,153,4,6,969,0,5,2
369,4018,129,294,83,1203,2622,6,122,2,7,79,1,0,0
370,238,354,128,54,1436,9237,9,127,17,10,921,0,17,1
371,8393,856,307,89,2176,4228,6,62,20,15,641,1,9,1
372,1354,819,227,86,2115,4813,1,45,2,17,719,1,0,2
373,4974,296,101,7,3497,1339,9,129,20,6,158,1,9,1
374,6674,660,483,52,4282,1356,7,187,19,9,837,1,7,2
375,2432,801,319,55,4708,7899,1,91,7,7,464,0,0,2
376,5394,870,112,4,236,882,5,77,10,6,897,0,2,1
377,1386,990,182,87,1133,5450,8,38,3,0,183,0,7,2
378,1213,468,368,64,1104,7987,8,30,1,7,798,1,9,0
379,4197,29,415,39,3789,46,3,174,2,6,108,0,19,1
380,6016,821,53,41,994,4246,1,90,5,16,8,1,0,1
381,6254,362,32,82,4393,6552,3,143,9,16,354,0,7,2
382,4598,339,350,47,4442,340,5,137,16,2,206,0,18,0
383,8470,743,144,13,4838,3437,4,74,13,9,709,0,18,2
384,9191,479,421,51,674,5283,1,186,2,2,767,1,19,2
385,542,49,138,87,4164,9325,6,142,2,16,54,0,16,0
386,4030,383,96,14,4923,9385,0,182,14,3,938,0,0,2
387,8542,647,449,12,3572,100,6,60,9,19,308,0,16,1
388,3135,602,241,55,4709,4746,7,3,6,5,428,0,11,1
389,732,20,63,22,1242,6639,3,140,16,14,333,1,17,0
390,7893,202,317,19,2034,5808,9,37,6,19,511,1,2,0
391,6184,494,281,100,3479,9828,0,115,19,0,698,1,0,1
392,5576,743,102,40,1997,2022,0,161,3,0,856,0,2,2
393,2094,870,287,2,649,7530,8,162,18,0,78,0,14,0
394,6783,701,80,29,3508,1302,5,127,6,15,82,1,10,2
395,937,728,9,93,2825,2015,3,83,1,13,570,1,17,1
396,6080,229,99,10,1116,2567,4,24,8,10,322,1,12,2
397,9060,421,265,2,437,7798,4,41,15,19,103,1,4,1
398,4955,675,406,45,4961,6043,6,80,12,6,625,1,11,2
399,7341,579,98,39,2761,6637,1,9,15,15,983,1,16,0
400,4048,438,230,100,3272,9873,7,197,10,5,789,1,16,1
401,1441,219,109,47,4244,9540,4,132,11,3,746,0,14,0
402,4584,368,422,25,85,1257,10,31,18,19,419,0,15,0
403,4942,547,358,60,1167,8656,9,140,9,17,319,0,2,0
404,6762,223,362,81,4942,2492,10,152,3,19,474,1,7,0
405,8895,769,427,70,1825,7621,9,163,17,9,341,0,14,2
406,5555,337,328,66,2421,6997,5,183,2,5,396,0,6,2
407,5380,970,124,50,4066,7849,5,0,2,4,994,1,19,2
408,448,550,69,94,3984,5473,10,139,3,14,422,1,15,1
409,8536,278,75,94,81,3103,1,156,4,12,242,1,4,0
410,3906,864,365,97,3182,7704,8,23,8,16,554,1,9,0
411,2641,730,366,92,3462,8335,7,80,19,5,711,1,6,1
412,5575,792,34,54,1842,5505,10,44,17,18,821,1,11,0
413,1721,181,367,64,1910,9581,7,133,8,18,385,1,10,2
414,5174,422,170,4,2974,358,10,45,0,10,755,1,19,1
415,7361,630,30,50,1128,159,5,100,19,8,675,1,0,2
416,438,277,286,10,149,1758,10,186,17,6,204,0,20,2
417,802,890,270,97,4249,423,1,30,14,20,760,1,18,2
418,9221,780,419,71,3418,677,3,22,20,0,348,0,15,1
419,4481,503,325,79,1198,4876,10,76,7,16,369,0,7,0
420,5501,34,302,84,124,5723,0,134,18,6,166,0,7,1
421,4057,664,218,87,691,9679,5,178,6,4,243,1,12,1
422,4336,650,333,13,2399,1871,9,105,0,0,66,0,13,0
423,2107,351,83,66,77,8811,0,187,7,17,608,1,2,1
424,9754,456,140,35,2822,9378,2,61,9,13,419,0,9,2
425,6754,647,10,60,4774,2642,8,10,12,11,786,1,1,2
426,4151,371,436,45,2268,6397,2,53,7,16,899,0,12,1
427,2509,172,51,22,4044,3423,5,155,8,12,831,1,1,1
428,6235,678,226,65,1515,1365,1,23,17,0,243,0,12,1
429,1520,107,24,3,458,4351,10,122,13,7,948,0,10,0
430,2158,202,25,94,4639,6792,0,114,9,16,767,0,10,1
431,6663,679,293,46,1721,9467,8,84,12,20,646,1,20,0
432,293,400,397,11,123,4904,2,167,10,6,357,0,7,2
433,5922,391,343,58,1138,6139,10,111,17,9,702,1,1,2
434,6626,332,316,92,2804,3942,4,170,19,20,900,1,18,1
435,8337,92,404,40,734,9368,7,64,8,8,580,0,5,1
436,7511,429,76,14,1384,3791,7,14,8,17,435,0,9,0
437,1546,540,382,79,2540,3184,1,136,1,8,944,0,8,1
438,3987,639,487,34,3902,696,9,19,11,4,346,0,0,0
439,8343,892,280,51,4370,7909,9,165,19,18,581,1,18,0
440,3900,92,141,41,4079,2193,10,26,16,2,885,0,14,0
441,2802,549,450,92,1065,727,5,86,20,15,55,0,16,1
442,457,44,296,78,1482,6402,8,29,12,10,584,1,9,2
443,4364,684,141,11,4983,5144,9,2,7,13,917,0,7,2
444,9129,48,136,21,1963,7663,6,82,1,5,802,1,5,0
445,7049,391,195,81,123,2068,0,23,4,1,725,0,4,1
446,5621,841,171,72,139,1380,6,159,5,4,464,1,0,0
447,1386,720,38,0,1731,7133,5,9,6,18,417,0,11,2
448,1365,346,480,52,2608,2178,3,174,19,15,342,1,19,0
449,8099,855,213,91,2144,9471,0,187,1,13,733,0,9,1
450,8542,696,294,83,4129,9223,8,109,12,11,232,1,15,1
451,6988,181,250,45,4146,1821,3,175,7,0,142,1,1,2
452,9036,305,159,75,4328,960,4,184,0,7,277,1,18,0
453,4901,515,312,37,1869,5225,7,73,12,14,959,1,12,1
454,4850,506,258,26,789,8889,4,143,18,19,46,1,9,0
455,7341,922,41,88,507,9922,2,92,18,18,655,1,8,2
456,1707,568,484,94,4155,1872,8,122,12,12,995,1,16,0
457,2812,747,253,47,3983,4425,7,80,20,20,861,0,19,0
458,2213,97,63,82,3080,5204,4,100,9,12,812,0,11,2
459,4054,726,401,67,1076,3784,9,100,5,0,705,1,14,1
460,4649,792,428,50,3692,9928,8,190,10,20,966,1,11,1
461,1813,304,401,100,4474,2854,9,20,12,10,52,1,4,1
462,7989,897,127,15,3645,9960,4,146,20,6,195,1,16,1
463,1668,765,186,20,2687,5246,5,40,0,13,271,0,20,2
464,7863,979,315,89,2751,9456,5,157,3,19,841,1,6,1
465,1780,998,2,9,654,6812,1,177,12,6,539,1,18,2
466,9314,680,156,82,2755,3345,9,118,1,6,602,0,17,2
467,6357,80,79,72,606,6094,10,167,10,17,932,1,1,1
468,3041,646,167,62,4472,9355,0,85,1,9,426,0,12,0
469,3355,657,379,11,52,9592,5,169,13,3,294,1,13,1
470,4267,178,267,47,4895,1555,5,11,13,2,714,0,18,2
471,4790,82,420,80,2910,2440,5,22,4,9,252,1,11,2
472,656,749,343,27,3354,2152,9,153,12,8,606,0,6,1
473,7732,210,75,65,2373,4017,0,33,10,15,271,0,5,2
474,5145,874,349,6,4946,1560,4,46,15,13,474,1,19,1
475,453,259,83,31,949,102,10,21,20,16,310,0,5,0
476,1620,65,89,16,3457,8590,1,189,12,5,289,1,18,0
477,8455,828,250,41,2293,8751,3,4,5,18,453,1,15,1
478,1347,911,322,96,2959,3017,4,119,17,16,418,1,4,2
479,900,965,475,73,4756,3415,4,174,11,2,834,0,15,1
480,5026,501,295,0,4098,3846,8,55,3,1,569,0,14,1
481,4966,300,263,47,3134,8234,10,93,15,14,175,0,1,2
482,3292,239,73,63,3404,9602,9,173,15,8,600,1,19,2
483,9843,396,162,43,1422,8140,7,58,0,12,693,1,16,2
484,72,674,439,12,3024,6983,3,84,14,13,884,0,13,2
485,9058,153,201,91,3068,89,5,146,17,13,556,0,8,2
486,6717,965,453,90,2499,9615,9,187,6,20,948,1,14,0
487,1528,152,45,85,2708,5007,1,93,0,0,265,0,15,1
488,2328,101,490,12,2733,1370,4,142,1,0,56,1,17,0
489,7346,959,476,25,3015,3593,9,21,12,10,617,1,9,0
490,5193,550,225,41,699,1934,3,85,7,18,246,0,14,0
491,1893,930,325,89,4897,8072,7,115,11,19,857,0,0,1
492,6072,435,325,15,2259,9063,5,150,9,1,517,0,13,0
493,7839,321,211,53,4555,9303,4,21,3,5,331,0,3,2
494,5875,262,105,57,3862,2944,4,158,18,3,848,1,7,2
495,2971,573,104,21,2181,9304,2,199,4,5,460,0,19,2
496,239,508,34,62,2374,4597,10,151,8,10,224,0,7,0
497,9150,747,148,94,1837,3285,6,12,10,19,906,0,18,2
498,168,982,183,40,1870,8377,5,2,6,11,859,1,16,2
499,1369,835,336,32,1689,2697,6,127,4,10,927,0,6,0
500,7434,137,60,17,2514,8614,1,53,9,18,259,1,0,1
501,2576,553,450,50,2683,5219,10,136,11,14,189,0,3,2
502,9682,803,195,13,4202,5866,5,89,12,15,582,1,7,1
503,898,690,451,47,1478,2078,0,137,5,13,28,1,9,1
504,1721,429,480,99,3905,5768,6,95,16,5,188,0,0,1
505,9506,87,119,89,2120,6952,2,124,0,8,21,0,12,1
506,8271,197,277,71,2936,4153,1,69,11,12,524,0,15,1
507,4523,228,106,17,429,2097,2,118,0,11,729,1,9,2
508,2381,697,322,11,823,7432,0,65,16,20,829,1,3,2
509,3704,830,16,92,755,2681,2,155,16,17,406,0,9,0
510,7011,7,1,63,1366,2959,5,77,16,20,631,0,13,0
511,8800,562,56,50,3627,3652,0,79,16,15,982,1,20,1
512,6648,42,309,71,1517,5654,4,150,5,0,85,1,17,1
513,9234,297,294,14,4872,4256,8,108,12,17,100,0,9,2
514,4297,871,423,87,674,7748,5,116,12,3,247,0,9,2
515,756,662,300,7,4676,7708,10,117,1,7,526,1,19,0
516,2997,953,296,97,2406,4555,1,0,0,12,88,0,1,1
517,1500,443,131,20,2891,9805,2,87,8,7,878,1,17,2
518,5197,847,361,10,2250,939,3,68,18,8,812,1,19,2
519,5537,722,153,84,4494,3411,9,176,20,14,429,1,17,1
520,185,458,261,1,2314,1697,9,195,11,4,222,1,10,2
521,8488,499,265,84,1021,5771,8,51,18,11,950,1,9,0
522,1297,996,82,97,2774,7135,8,195,8,2,387,0,2,2
523,5266,390,143,58,77,8933,10,109,3,14,654,0,9,0
524,701,515,447,66,3690,2151,7,73,9,10,892,1,13,2
525,3685,405,378,83,4551,1685,10,89,12,7,150,1,12,0
526,3516,927,232,96,111,7863,6,159,6,9,512,1,7,2
527,2548,59,10,28,2434,8709,4,180,6,2,60,1,3,2
528,9003,196,310,34,2256,8231,4,109,16,17,723,1,8,1
529,3884,343,47,21,827,1304,1,87,20,3,633,1,3,1
530,9235,602,399,46,162,4753,8,56,13,2,671,1,13,2
531,855,261,309,80,714,9065,9,89,12,8,232,1,7,2
532,2348,270,42,12,3083,9463,0,155,11,12,936,0,8,1
533,7085,170,43,100,3982,8664,7,99,2,1,549,1,14,1
534,1803,502,170,52,3407,7002,6,134,1,4,662,1,10,0
535,9025,271,287,55,1024,8877,1,196,3,16,708,0,11,1
536,6672,635,263,76,1139,2434,6,74,9,1,103,1,4,0
537,8010,655,418,18,943,3002,7,115,3,12,631,0,2,0
538,6491,807,123,25,3597,2600,0,50,10,16,45,1,2,1
539,5436,292,113,33,224,3535,6,137,2,8,694,1,0,1
540,5372,540,315,27,3393,1598,9,102,1,1,126,1,10,1
541,6549,97,325,3,2605,4668,9,4,4,20,152,1,6,1
542,5801,675,131,45,1112,3063,3,3,0,15,878,1,6,2
543,5008,895,197,38,820,3007,6,46,6,13,841,0,12,1
544,2875,399,441,6,4207,4983,7,16,16,1,249,0,2,1
545,7763,485,43,66,1926,4387,4,31,11,5,764,0,4,1
546,6809,973,388,74,3495,2687,4,113,9,11,284,1,3,0
547,6361,496,396,11,4921,3648,3,138,5,8,34,1,16,1
548,3345,62,254,38,2027,1444,0,6,10,7,484,0,8,2
549,1882,112,353,37,227,2733,3,43,19,20,933,0,2,1
550,2927,946,106,47,2286,1230,9,163,0,16,955,0,9,0
551,5581,153,369,44,4103,8606,2,104,7,11,464,0,10,2
552,6991,41,265,20,3303,6379,7,109,16,11,501,0,4,0
553,4515,617,236,60,715,3076,2,68,6,3,217,0,0,1
554,5241,973,14,60,3610,1465,1,152,19,15,474,0,15,2
555,3760,894,359,87,4099,6507,5,168,2,11,918,1,19,1
556,3031,985,174,37,1030,8141,2,166,18,7,28,0,4,1
557,612,897,208,1,2864,9211,5,117,2,1,237,1,20,0
558,7999,495,300,30,3348,2635,9,28,19,5,753,1,14,2
559,31,43,8,90,1227,9281,4,163,0,19,103,1,5,0
560,4731,201,217,8,1352,5550,9,164,2,17,678,0,15,2
561,1193,642,432,91,3805,3922,5,127,13,0,947,1,15,1
562,7460,930,41,41,1310,5268,6,120,15,16,397,1,15,2
563,8350,512,202,33,4293,45,6,149,5,17,883,1,18,2
564,5595,828,38,97,895,2323,2,24,19,16,756,1,18,0
565,5218,60,191,17,4777,4781,8,162,17,19,935,0,7,0
566,9216,648,428,89,570,9909,2,180,17,20,475,0,6,1
567,9442,757,204,57,1597,2957,3,121,15,8,26,0,6,2
568,7002,642,48,29,3011,6290,9,122,16,10,964,0,6,1
569,2015,685,5,6,2544,6053,7,143,14,9,461,1,11,1
570,3887,434,231,14,2551,5375,9,198,14,0,44,0,2,2
571,4769,174,484,28,4122,4806,7,97,18,16,752,0,10,0
572,6166,492,468,1,1211,6697,4,164,14,1,820,1,12,1
573,8798,140,121,29,4404,750,5,73,11,15,709,1,3,2
574,1516,242,187,32,1503,8355,0,115,16,12,447,0,13,1
575,7599,584,291,50,1999,3893,3,70,14,13,94,0,20,1
576,8611,458,40,12,4684,5049,0,37,10,2,310,1,14,1
577,616,821,131,1,1404,2127,2,141,1,15,45,1,17,0
578,4225,981,467,23,1109,5692,9,168,20,1,195,1,7,0
579,8121,584,333,3,2240,835,6,8,18,4,143,0,10,0
580,6722,462,353,21,4904,8873,9,46,19,15,960,1,16,0
581,9978,46,224,7,679,2154,8,157,20,13,956,0,5,2
582,3176,699,68,7,2672,3539,2,108,0,11,282,0,9,2
583,1783,377,351,90,4718,643,3,46,5,5,650,0,4,2
584,4466,910,444,53,4191,8502,6,105,5,17,323,1,8,2
585,599,378,8,48,320,9510,0,192,1,18,339,0,16,1
586,5223,69,284,54,2527,3091,7,8,4,19,776,1,2,1
587,2336,802,129,4,603,6222,5,121,1,5,143,0,17,0
588,4276,156,54,82,2720,5274,0,123,20,11,419,0,10,1
589,4355,48,322,3,3949,8520,4,101,1,17,678,1,20,0
590,5461,344,176,27,899,4744,9,133,16,2,31,0,12,0
591,3662,252,333,81,3192,1654,4,161,1,1,553,0,14,2
592,2731,663,286,78,1528,5614,5,92,16,17,693,1,19,0
593,8199,510,209,45,1981,3227,4,44,11,17,399,0,4,0
594,594,705,425,13,3230,1048,7,60,20,10,970,1,17,0
595,2485,420,201,19,721,3400,5,128,3,0,139,1,17,0
596,8101,491,54,0,474,9045,9,37,5,3,305,0,3,0
597,4083,891,352,55,4421,6892,5,175,19,2,855,0,4,0
598,2550,236,300,83,1401,9536,4,118,13,1,273,0,10,2
599,4390,920,173,61,1486,9965,1,35,13,19,798,0,9,2
600,6320,143,72,11,3999,9680,7,82,16,9,43,0,5,1
601,8901,807,306,63,658,3488,9,119,17,15,668,1,15,0
602,5634,191,301,56,3113,9966,3,62,6,1,637,1,17,1
603,9149,981,138,19,2052,6571,4,127,17,16,284,1,1,2
604,5747,811,0,25,1364,8129,4,83,7,5,854,1,13,0
605,1499,209,268,28,3924,8694,10,122,13,9,874,1,13,0
606,6390,521,410,10,3225,8859,8,13,17,18,490,1,6,1
607,2437,60,74,67,1451,6533,3,197,8,13,77,0,16,1
608,9797,436,49,11,2568,471,2,190,15,0,186,0,6,2
609,9659,734,212,78,4263,5496,4,117,12,2,519,1,11,0
610,7221,829,45,63,2079,51,10,172,18,17,657,0,18,2
611,7078,713,261,97,722,5642,1,148,15,1,392,0,9,2
612,9767,569,495,70,1791,5834,9,196,3,12,626,1,3,0
613,905,582,291,86,4767,6635,7,169,4,3,533,1,16,0
614,9594,62,204,5,2434,6149,3,134,20,0,753,0,11,1
615,2132,141,401,2,248,1037,5,155,18,14,801,0,9,0
616,7798,113,101,46,1423,3540,0,66,1,11,118,1,9,0
617,6092,536,359,19,652,6488,8,163,11,12,913,0,17,0
618,8954,527,143,50,3483,1476,10,93,5,7,301,0,2,2
619,7586,426,102,11,2862,7014,9,105,18,5,24,0,19,2
620,1684,584,46,37,3355,6741,8,106,9,19,589,0,18,1
621,3649,305,361,69,3402,5706,0,63,6,13,820,1,3,1
622,8676,103,444,23,3010,72,0,125,18,16,423,0,17,1
623,4462,341,122,63,4123,8906,7,51,9,3,659,1,14,1
624,4748,43,178,25,4650,644,0,65,4,2,457,1,19,1
625,7460,166,417,46,433,2193,6,55,2,20,563,0,4,0
626,8948,631,183,74,4923,516,9,188,13,8,113,1,4,2
627,8,719,214,12,1501,9448,0,133,4,8,359,0,1,0
628,7268,833,500,18,2988,4119,8,109,7,17,751,0,11,1
629,6847,120,68,25,185,6151,10,134,11,15,776,1,5,0
630,9782,93,463,93,3678,5113,4,85,1,0,67,1,13,2
631,3125,432,353,15,851,4229,4,24,5,5,393,1,4,1
632,5634,992,55,62,4676,2157,7,77,9,7,72,0,0,1
633,986,237,319,30,2138,3620,8,41,13,0,316,1,8,2
634,9382,382,288,1,1734,936,0,198,19,17,591,1,20,2
635,7162,239,37,54,3429,9564,8,72,5,2,420,1,8,1
636,6133,148,379,37,1251,9499,7,173,9,13,613,1,1,2
637,9309,257,448,23,3557,8131,3,160,0,18,141,1,18,1
638,5345,587,357,78,4819,6298,0,102,19,20,133,0,2,1
639,9434,277,453,24,4450,532,10,72,3,2,9,0,15,0
640,2148,217,360,64,756,5922,10,133,7,19,471,0,17,0
641,7949,549,211,42,362,2032,0,113,5,7,474,1,16,0
642,5268,345,390,13,1125,8839,3,125,9,19,855,0,10,1
643,5111,147,14,17,968,8277,7,147,7,2,354,1,20,1
644,2325,466,335,48,693,8759,6,78,15,1,664,0,18,1
645,489,76,215,53,1432,5148,5,80,15,13,194,0,13,1
646,4359,166,422,2,3331,6068,8,95,9,13,448,0,5,2
647,8105,335,467,20,832,6071,1,36,12,6,948,1,14,0
648,6926,586,112,99,452,8697,4,176,18,9,124,0,18,1
649,1744,770,498,97,1784,4885,10,146,4,14,510,1,14,1
650,8476,273,498,69,733,1027,6,27,0,2,443,1,19,2
651,6566,895,202,82,4506,7691,6,85,8,8,194,1,10,1
652,1810,259,141,63,2904,3364,5,85,3,14,696,0,16,2
653,4330,87,490,29,3300,8364,2,53,7,13,678,0,18,2
654,8081,22,15,13,2852,5216,0,65,10,18,671,0,0,2
655,189,404,435,95,2916,2738,4,22,9,19,589,0,17,0
656,9255,929,164,47,2235,2473,4,26,1,7,692,0,10,1
657,5214,394,155,27,961,3237,0,161,0,3,548,1,3,1
658,2840,330,429,43,2218,7513,4,2,6,5,677,0,9,1
659,3101,898,283,0,2221,9020,0,153,8,8,0,1,19,1
660,5659,289,418,60,3643,5176,0,195,11,6,621,1,19,1
661,5266,181,254,16,3576,638,3,162,16,18,402,0,17,2
662,7849,3,306,84,4321,4758,3,141,9,15,779,1,8,2
663,7276,851,174,61,4083,9184,0,12,11,7,922,1,2,2
664,6084,479,250,3,1382,6143,1,110,0,11,392,1,5,0
665,2291,36,488,48,2021,7063,5,136,13,11,446,0,20,2
666,4389,241,130,39,797,1972,2,61,20,2,11,1,14,0
667,6980,757,67,35,57,5975,6,194,4,17,597,1,1,2
668,7427,468,59,76,4958,6542,8,55,12,18,600,1,4,1
669,5019,29,63,92,809,5384,4,94,3,13,960,0,18,1
670,2058,55,113,92,842,4435,8,114,18,19,192,0,1,1
671,7333,262,88,77,2283,725,6,178,11,11,508,0,8,2
672,1840,11,166,91,3472,4937,9,151,15,1,155,0,8,0
673,112,211,390,21,3091,2409,1,128,13,7,902,0,3,1
674,2905,430,58,83,3800,1989,8,184,15,19,221,1,13,1
675,6196,903,336,60,75,5365,8,109,17,12,994,0,5,1
676,7560,245,343,82,1626,6137,8,114,11,7,633,0,2,0
677,267,719,443,10,3359,8284,3,129,6,2,213,0,3,2
678,4608,584,120,49,3589,4855,3,81,8,11,167,0,16,2
679,1479,234,281,44,2393,6524,10,175,16,12,600,0,3,2
680,8950,391,166,96,287,3103,1,11,15,10,998,1,15,2
681,8549,487,331,98,3294,299,1,111,17,12,705,1,12,1
682,1191,928,331,73,428,1057,9,52,5,0,114,0,12,1
683,6359,823,198,7,2598,9025,0,62,7,1,182,0,8,2
684,7807,391,237,37,3927,2331,1,14,4,1,131,0,5,2
685,9380,555,123,58,714,6914,10,40,16,15,644,0,5,0
686,198,295,107,68,264,5688,4,31,5,20,453,1,12,0
687,215,461,371,27,3175,4021,8,66,11,5,168,0,5,0
688,6398,291,333,37,3405,2062,2,178,8,18,0,1,20,0
689,1296,904,359,13,1046,7080,3,185,15,6,810,1,6,0
690,7054,32,103,21,679,6813,3,56,19,20,607,1,0,2
691,5740,54,351,35,4877,8925,1,123,16,7,338,1,7,2
692,8979,510,239,55,2541,3815,2,165,11,14,598,0,12,1
693,1724,365,486,45,3184,4923,4,153,9,12,761,1,5,0
694,3600,122,96,51,4443,2940,8,156,4,8,957,1,15,2
695,8483,211,270,28,2399,2271,6,116,12,6,34,0,11,0
696,379,853,1,84,532,6510,3,169,8,13,671,0,11,2
697,5373,945,359,80,2316,9543,8,1,16,3,698,0,2,0
698,1467,71,322,30,674,7577,7,74,14,17,523,0,7,0
699,2190,945,467,60,4867,3946,8,96,17,10,889,1,10,2
700,6146,154,135,90,2650,5312,8,135,12,19,989,0,20,2
701,7962,555,175,40,2016,2049,1,159,11,1,140,0,16,1
702,6044,603,435,44,2788,9933,5,100,15,11,840,0,8,0
703,5205,59,168,85,2742,9830,1,19,16,13,164,0,7,0
704,814,663,455,14,2118,6979,9,60,16,15,388,0,7,1
705,7455,772,109,71,1987,3174,3,19,19,14,907,1,2,0
706,6684,242,317,25,2509,9824,6,166,0,4,821,1,4,2
707,5930,879,219,38,4479,2048,0,129,12,10,133,1,9,0
708,5103,56,70,15,1012,6625,8,179,5,5,491,0,5,1
709,4365,487,109,73,3165,6847,10,6,10,8,503,1,17,2
710,3694,445,329,34,1675,5894,1,176,14,15,91,0,4,1
711,6039,515,343,76,2839,2304,0,154,20,17,921,1,19,1
712,8272,161,87,23,1701,6057,8,99,10,1,85,0,7,1
713,6117,904,5,29,2941,5916,7,199,3,2,317,0,18,1